susceptible,infected,removed,time
1000,1,0,0
999.9,1.08999,0.0108999,1
999.791,1.18807,0.0227806,2
999.672,1.29495,0.0357301,3
999.543,1.41144,0.0498445,4
999.402,1.53839,0.0652283,5
999.248,1.67672,0.0819956,6
999.08,1.82748,0.10027,7
998.898,1.99175,0.120188,8
998.699,2.17074,0.141895,9
998.482,2.36578,0.165553,10
998.246,2.57829,0.191336,11
997.988,2.80981,0.219434,12
997.708,3.06205,0.250055,13
997.403,3.33684,0.283423,14
997.07,3.63618,0.319785,15
996.707,3.96224,0.359407,16
996.312,4.31738,0.402581,17
995.882,4.70417,0.449623,18
995.414,5.12538,0.500877,19
994.903,5.58406,0.556717,20
994.348,6.08347,0.617552,21
993.743,6.62717,0.683824,22
993.084,7.21903,0.756014,23
992.368,7.86324,0.834646,24
991.587,8.56431,0.920289,25
990.738,9.32717,1.01356,26
989.814,10.1571,1.11513,27
988.809,11.0599,1.22573,28
987.715,12.0417,1.34615,29
986.526,13.1092,1.47724,30
985.232,14.2697,1.61994,31
983.826,15.5309,1.77525,32
982.298,16.9012,1.94426,33
980.638,18.3895,2.12815,34
978.835,20.0057,2.32821,35
976.877,21.7599,2.54581,36
974.751,23.6634,2.78244,37
972.444,25.7279,3.03972,38
969.942,27.9661,3.31938,39
967.23,30.3914,3.6233,40
964.29,33.0181,3.95348,41
961.106,35.8613,4.31209,42
957.66,38.9369,4.70146,43
953.931,42.2619,5.12408,44
949.9,45.8537,5.58262,45
945.544,49.7309,6.07992,46
940.842,53.9124,6.61905,47
935.769,58.4183,7.20323,48
930.303,63.2688,7.83592,49
924.417,68.4847,8.52077,50
918.086,74.0874,9.26164,51
911.284,80.098,10.0626,52
903.985,86.5377,10.928,53
896.162,93.4275,11.8623,54
887.789,100.788,12.8701,55
878.842,108.637,13.9565,56
869.294,116.995,15.1265,57
859.124,125.876,16.3852,58
848.309,135.296,17.7382,59
836.832,145.265,19.1908,60
824.676,155.792,20.7488,61
811.828,166.881,22.4176,62
798.28,178.534,24.2029,63
784.028,190.747,26.1104,64
769.073,203.509,28.1455,65
753.422,216.807,30.3135,66
737.087,230.619,32.6197,67
720.089,244.92,35.0689,68
702.452,259.675,37.6657,69
684.211,274.845,40.4141,70
665.406,290.385,43.318,71
646.084,306.243,46.3804,72
626.298,322.36,49.604,73
606.108,338.675,52.9907,74
585.581,355.12,56.5419,75
564.786,371.626,60.2582,76
543.797,388.119,64.1394,77
522.691,404.524,68.1846,78
501.547,420.768,72.3923,79
480.444,436.775,76.7601,80
459.459,452.476,81.2848,81
438.67,467.8,85.9628,82
418.149,482.683,90.7896,83
397.965,497.065,95.7603,84
378.184,510.892,100.869,85
358.863,524.118,106.11,86
340.054,536.699,111.477,87
321.803,548.603,116.963,88
304.149,559.803,122.561,89
287.123,570.278,128.264,90
270.749,580.016,134.064,91
255.045,589.009,139.954,92
240.023,597.256,145.927,93
225.687,604.763,151.975,94
212.038,611.538,158.09,95
199.071,617.597,164.266,96
186.777,622.956,170.496,97
175.141,627.637,176.772,98
164.149,631.664,183.089,99
153.78,635.061,189.439,100
144.014,637.856,195.818,101
134.828,640.077,202.219,102
126.198,641.754,208.636,103
118.099,642.916,215.065,104
110.507,643.591,221.501,105
103.394,643.81,227.939,106
96.7378,643.6,234.375,107
90.5118,642.989,240.805,108
84.692,642.005,247.225,109
79.2547,640.673,253.632,110
74.1771,639.018,260.022,111
69.437,637.065,266.393,112
65.0134,634.837,272.741,113
60.8861,632.354,279.065,114
57.036,629.637,285.361,115
53.4448,626.705,291.628,116
50.0954,623.578,297.864,117
46.9715,620.271,304.067,118
44.058,616.801,310.235,119
41.3405,613.183,316.366,120
38.8056,609.431,322.461,121
36.4407,605.557,328.516,122
34.234,601.575,334.532,123
32.1745,597.494,340.507,124
30.2521,593.327,346.44,125
28.4572,589.082,352.331,126
26.7808,584.769,358.179,127
25.2148,580.396,363.983,128
23.7513,575.97,369.742,129
22.3833,571.5,375.457,130
21.1041,566.991,381.127,131
19.9075,562.45,386.752,132
18.7878,557.882,392.331,133
17.7397,553.293,397.864,134
16.7582,548.687,403.35,135
15.8387,544.069,408.791,136
14.9769,539.444,414.186,137
14.169,534.813,419.534,138
13.4112,530.183,424.836,139
12.7002,525.554,430.091,140
12.0327,520.931,435.3,141
11.4059,516.316,440.464,142
10.817,511.711,445.581,143
10.2635,507.119,450.652,144
9.743,502.542,455.677,145
9.25337,497.982,460.657,146
8.79257,493.44,465.591,147
8.35871,488.918,470.481,148
7.95004,484.417,475.325,149
7.56493,479.94,480.124,150
7.20186,475.486,484.879,151
6.85942,471.057,489.59,152
6.5363,466.654,494.256,153
6.23128,462.279,498.879,154
5.94322,457.931,503.458,155
5.67106,453.611,507.994,156
5.41382,449.32,512.488,157
5.17056,445.06,516.938,158
4.94044,440.829,521.346,159
4.72265,436.629,525.713,160
4.51645,432.46,530.037,161
4.32113,428.322,534.321,162
4.13605,424.216,538.563,163
3.96059,420.142,542.764,164
3.79419,416.1,546.925,165
3.63631,412.09,551.046,166
3.48646,408.113,555.127,167
3.34418,404.168,559.169,168
3.20902,400.256,563.171,169
3.08057,396.377,567.135,170
2.95847,392.53,571.061,171
2.84234,388.717,574.948,172
2.73185,384.936,578.797,173
2.62669,381.188,582.609,174
2.52657,377.472,586.384,175
2.4312,373.789,590.122,176
2.34032,370.139,593.823,177
2.2537,366.521,597.488,178
2.17109,362.935,601.117,179
2.0923,359.382,604.711,180
2.0171,355.86,608.27,181
1.94532,352.371,611.794,182
1.87677,348.913,615.283,183
1.81129,345.487,618.738,184
1.74871,342.093,622.159,185
1.68889,338.73,625.546,186
1.63168,335.398,628.9,187
1.57696,332.097,632.221,188
1.52459,328.826,635.509,189
1.47445,325.587,638.765,190
1.42645,322.377,641.989,191
1.38046,319.198,645.181,192
1.3364,316.049,648.341,193
1.29416,312.929,651.47,194
1.25366,309.839,654.569,195
1.21482,306.778,657.637,196
1.17755,303.746,660.674,197
1.14179,300.744,663.681,198
1.10745,297.77,666.659,199
1.07447,294.824,669.607,200
1.04279,291.906,672.526,201
1.01235,289.017,675.417,202
0.983094,286.155,678.278,203
0.954962,283.321,681.111,204
0.927906,280.514,683.917,205
0.901877,277.734,686.694,206
0.876829,274.981,689.444,207
0.852718,272.255,692.166,208
0.829502,269.555,694.862,209
0.807142,266.881,697.531,210
0.785601,264.233,700.173,211
0.764843,261.611,702.789,212
0.744834,259.014,705.379,213
0.725542,256.443,707.944,214
0.706936,253.897,710.483,215
0.688987,251.375,712.996,216
0.671667,248.878,715.485,217
0.654951,246.406,717.949,218
0.638813,243.958,720.389,219
0.623228,241.533,722.804,220
0.608175,239.133,725.195,221
0.593632,236.755,727.563,222
0.579577,234.402,729.907,223
0.565992,232.071,732.228,224
0.552857,229.763,734.525,225
0.540154,227.478,736.8,226
0.527867,225.215,739.052,227
0.515979,222.974,741.282,228
0.504474,220.756,743.49,229
0.493337,218.559,745.675,230
0.482555,216.384,747.839,231
0.472113,214.231,749.981,232
0.461999,212.098,752.102,233
0.4522,209.987,754.202,234
0.442704,207.896,756.281,235
0.433501,205.826,758.339,236
0.424578,203.777,760.377,237
0.415926,201.747,762.395,238
0.407535,199.738,764.392,239
0.399395,197.749,766.369,240
0.391497,195.779,768.327,241
0.383832,193.829,770.266,242
0.376393,191.898,772.185,243
0.36917,189.986,774.084,244
0.362156,188.093,775.965,245
0.355344,186.219,777.828,246
0.348727,184.363,779.671,247
0.342298,182.526,781.496,248
0.33605,180.707,783.303,249
0.329977,178.905,785.093,250
0.324074,177.122,786.864,251
0.318334,175.357,788.617,252
0.312751,173.609,790.353,253
0.307322,171.878,792.072,254
0.30204,170.164,793.774,255
0.2969,168.468,795.459,256
0.291898,166.788,797.126,257
0.28703,165.125,798.778,258
0.28229,163.478,800.412,259
0.277675,161.848,802.031,260
0.273181,160.234,803.633,261
0.268804,158.636,805.22,262
0.26454,157.054,806.79,263
0.260385,155.487,808.345,264
0.256336,153.936,809.884,265
0.25239,152.401,811.408,266
0.248544,150.881,812.917,267
0.244794,149.376,814.411,268
0.241137,147.885,815.89,269
0.237571,146.41,817.354,270
0.234093,144.949,818.803,271
0.2307,143.503,820.238,272
0.227389,142.071,821.659,273
0.224159,140.654,823.066,274
0.221006,139.25,824.458,275
0.217928,137.861,825.837,276
0.214924,136.485,827.202,277
0.21199,135.123,828.553,278
0.209126,133.775,829.891,279
0.206328,132.44,831.215,280
0.203596,131.118,832.526,281
0.200926,129.81,833.824,282
0.198318,128.514,835.109,283
0.195769,127.232,836.382,284
0.193279,125.962,837.641,285
0.190844,124.705,838.888,286
0.188464,123.46,840.123,287
0.186137,122.228,841.345,288
0.183862,121.008,842.555,289
0.181637,119.8,843.753,290
0.179461,118.604,844.939,291
0.177333,117.42,846.114,292
0.175251,116.248,847.276,293
0.173213,115.087,848.427,294
0.17122,113.938,849.566,295
0.169269,112.801,850.694,296
0.16736,111.675,851.811,297
0.165491,110.56,852.917,298
0.163661,109.456,854.011,299
0.16187,108.363,855.095,300
0.160116,107.281,856.168,301
0.158398,106.21,857.23,302
0.156715,105.15,858.281,303
0.155068,104.1,859.322,304
0.153453,103.061,860.353,305
0.151872,102.032,861.373,306
0.150322,101.013,862.383,307
0.148804,100.004,863.383,308
0.147316,99.0056,864.373,309
0.145857,98.017,865.354,310
0.144428,97.0382,866.324,311
0.143026,96.0692,867.285,312
0.141652,95.1099,868.236,313
0.140305,94.1601,869.177,314
0.138984,93.2198,870.11,315
0.137688,92.2889,871.032,316
0.136417,91.3673,871.946,317
0.135171,90.4548,872.851,318
0.133948,89.5515,873.746,319
0.132749,88.6572,874.633,320
0.131572,87.7718,875.511,321
0.130417,86.8952,876.379,322
0.129284,86.0274,877.24,323
0.128172,85.1682,878.091,324
0.12708,84.3176,878.935,325
0.126008,83.4755,879.769,326
0.124957,82.6418,880.596,327
0.123924,81.8164,881.414,328
0.12291,80.9992,882.224,329
0.121914,80.1902,883.026,330
0.120937,79.3893,883.82,331
0.119977,78.5963,884.606,332
0.119034,77.8113,885.384,333
0.118107,77.0341,886.154,334
0.117198,76.2647,886.917,335
0.116304,75.5029,887.672,336
0.115426,74.7488,888.419,337
0.114563,74.0021,889.159,338
0.113715,73.263,889.892,339
0.112882,72.5311,890.617,340
0.112063,71.8067,891.335,341
0.111259,71.0894,892.046,342
0.110468,70.3793,892.75,343
0.10969,69.6763,893.447,344
0.108926,68.9803,894.137,345
0.108175,68.2912,894.819,346
0.107436,67.609,895.496,347
0.106709,66.9336,896.165,348
0.105995,66.265,896.828,349
0.105293,65.6031,897.484,350
0.104602,64.9477,898.133,351
0.103923,64.2989,898.776,352
0.103255,63.6566,899.413,353
0.102597,63.0207,900.043,354
0.101951,62.3911,900.667,355
0.101315,61.7678,901.284,356
0.100689,61.1508,901.896,357
0.100073,60.5399,902.501,358
0.0994672,59.9351,903.101,359
0.098871,59.3363,903.694,360
0.0982844,58.7436,904.281,361
0.097707,58.1567,904.863,362
0.0971388,57.5757,905.439,363
0.0965795,57.0005,906.009,364
0.096029,56.431,906.573,365
0.0954871,55.8673,907.132,366
0.0949536,55.3091,907.685,367
0.0944285,54.7565,908.232,368
0.0939114,54.2095,908.775,369
0.0934023,53.6679,909.311,370
0.092901,53.1317,909.843,371
0.0924074,52.6009,910.369,372
0.0919214,52.0754,910.889,373
0.0914427,51.5551,911.405,374
0.0909713,51.04,911.915,375
0.0905069,50.5301,912.421,376
0.0900496,50.0252,912.921,377
0.0895991,49.5254,913.416,378
0.0891554,49.0306,913.906,379
0.0887183,48.5407,914.392,380
0.0882876,48.0558,914.872,381
0.0878633,47.5756,915.348,382
0.0874453,47.1003,915.819,383
0.0870334,46.6297,916.285,384
0.0866276,46.1638,916.747,385
0.0862277,45.7026,917.204,386
0.0858336,45.2459,917.657,387
0.0854453,44.7939,918.104,388
0.0850625,44.3463,918.548,389
0.0846853,43.9032,918.987,390
0.0843135,43.4646,919.422,391
0.083947,43.0303,919.852,392
0.0835858,42.6003,920.278,393
0.0832297,42.1747,920.7,394
0.0828787,41.7533,921.117,395
0.0825327,41.3361,921.531,396
0.0821915,40.9231,921.94,397
0.0818552,40.5142,922.345,398
0.0815235,40.1094,922.746,399
0.0811965,39.7086,923.143,400
0.0808741,39.3118,923.536,401
0.0805562,38.919,923.925,402
0.0802427,38.5302,924.311,403
0.0799335,38.1452,924.692,404
0.0796286,37.764,925.07,405
0.0793279,37.3867,925.444,406
0.0790313,37.0131,925.814,407
0.0787388,36.6433,926.18,408
0.0784503,36.2771,926.543,409
0.0781657,35.9146,926.902,410
0.0778849,35.5558,927.258,411
0.077608,35.2005,927.61,412
0.0773348,34.8487,927.958,413
0.0770653,34.5005,928.303,414
0.0767994,34.1558,928.645,415
0.0765371,33.8145,928.983,416
0.0762783,33.4766,929.318,417
0.076023,33.1421,929.649,418
0.075771,32.8109,929.977,419
0.0755224,32.4831,930.302,420
0.0752771,32.1585,930.624,421
0.075035,31.8371,930.942,422
0.0747961,31.519,931.257,423
0.0745604,31.204,931.569,424
0.0743277,30.8922,931.878,425
0.0740981,30.5835,932.184,426
0.0738715,30.2779,932.487,427
0.0736478,29.9754,932.786,428
0.073427,29.6758,933.083,429
0.0732091,29.3793,933.377,430
0.0729941,29.0857,933.668,431
0.0727817,28.7951,933.956,432
0.0725722,28.5073,934.241,433
0.0723653,28.2225,934.523,434
0.0721611,27.9404,934.803,435
0.0719594,27.6612,935.079,436
0.0717604,27.3848,935.353,437
0.0715639,27.1112,935.624,438
0.0713699,26.8403,935.893,439
0.0711783,26.572,936.158,440
0.0709892,26.3065,936.421,441
0.0708024,26.0436,936.682,442
0.070618,25.7834,936.94,443
0.0704359,25.5257,937.195,444
0.0702561,25.2707,937.448,445
0.0700786,25.0181,937.698,446
0.0699033,24.7681,937.945,447
0.0697301,24.5206,938.191,448
0.0695592,24.2756,938.433,449
0.0693903,24.033,938.674,450
0.0692235,23.7928,938.912,451
0.0690588,23.5551,939.147,452
0.0688962,23.3197,939.38,453
0.0687355,23.0866,939.611,454
0.0685768,22.8559,939.84,455
0.0684201,22.6275,940.066,456
0.0682653,22.4014,940.29,457
0.0681123,22.1775,940.512,458
0.0679613,21.9559,940.731,459
0.0678121,21.7365,940.949,460
0.0676647,21.5193,941.164,461
0.0675191,21.3042,941.377,462
0.0673752,21.0913,941.588,463
0.0672331,20.8806,941.797,464
0.0670927,20.6719,942.003,465
0.066954,20.4653,942.208,466
0.066817,20.2608,942.411,467
0.0666816,20.0583,942.611,468
0.0665479,19.8579,942.81,469
0.0664157,19.6594,943.006,470
0.0662852,19.463,943.201,471
0.0661561,19.2685,943.394,472
0.0660287,19.0759,943.585,473
0.0659027,18.8853,943.773,474
0.0657783,18.6966,943.96,475
0.0656553,18.5097,944.145,476
0.0655337,18.3247,944.329,477
0.0654137,18.1416,944.51,478
0.065295,17.9603,944.69,479
0.0651777,17.7808,944.868,480
0.0650618,17.6031,945.044,481
0.0649473,17.4272,945.218,482
0.0648341,17.2531,945.39,483
0.0647223,17.0806,945.561,484
0.0646117,16.9099,945.73,485
0.0645024,16.7409,945.898,486
0.0643945,16.5736,946.063,487
0.0642877,16.408,946.228,488
0.0641823,16.244,946.39,489
0.064078,16.0817,946.551,490
0.0639749,15.921,946.71,491
0.0638731,15.7619,946.868,492
0.0637724,15.6044,947.024,493
0.0636729,15.4484,947.178,494
0.0635745,15.294,947.331,495
0.0634773,15.1412,947.482,496
0.0633812,14.9899,947.632,497
0.0632862,14.8401,947.781,498
0.0631923,14.6918,947.928,499
0.0630994,14.5449,948.073,500
0.0630077,14.3996,948.217,501
0.0629169,14.2557,948.36,502
0.0628272,14.1132,948.501,503
0.0627386,13.9722,948.641,504
0.0626509,13.8325,948.779,505
0.0625642,13.6943,948.916,506
0.0624786,13.5574,949.051,507
0.0623939,13.4219,949.186,508
0.0623101,13.2878,949.319,509
0.0622273,13.155,949.45,510
0.0621455,13.0235,949.58,511
0.0620645,12.8934,949.709,512
0.0619845,12.7645,949.837,513
0.0619054,12.637,949.963,514
0.0618271,12.5107,950.088,515
0.0617498,12.3857,950.212,516
0.0616733,12.2619,950.335,517
0.0615977,12.1393,950.456,518
0.0615229,12.018,950.576,519
0.061449,11.8979,950.695,520
0.0613759,11.779,950.813,521
0.0613036,11.6613,950.93,522
0.0612321,11.5447,951.045,523
0.0611614,11.4294,951.16,524
0.0610915,11.3151,951.273,525
0.0610224,11.2021,951.385,526
0.060954,11.0901,951.496,527
0.0608864,10.9793,951.605,528
0.0608196,10.8695,951.714,529
0.0607535,10.7609,951.822,530
0.0606881,10.6534,951.928,531
0.0606234,10.5469,952.034,532
0.0605595,10.4415,952.138,533
0.0604963,10.3371,952.241,534
0.0604337,10.2338,952.344,535
0.0603719,10.1316,952.445,536
0.0603107,10.0303,952.545,537
0.0602502,9.93006,952.645,538
0.0601904,9.83082,952.743,539
0.0601312,9.73257,952.84,540
0.0600727,9.6353,952.937,541
0.0600148,9.53901,953.032,542
0.0599576,9.44368,953.127,543
0.0599009,9.3493,953.22,544
0.0598449,9.25586,953.313,545
0.0597895,9.16336,953.404,546
0.0597348,9.07178,953.495,547
0.0596806,8.98111,953.585,548
0.059627,8.89136,953.674,549
0.0595739,8.80249,953.762,550
0.0595215,8.71452,953.849,551
0.0594696,8.62743,953.935,552
0.0594183,8.54121,954.021,553
0.0593676,8.45584,954.105,554
0.0593174,8.37134,954.189,555
0.0592677,8.28767,954.272,556
0.0592186,8.20484,954.354,557
0.05917,8.12284,954.435,558
0.059122,8.04166,954.515,559
0.0590744,7.9613,954.595,560
0.0590274,7.88173,954.674,561
0.0589809,7.80296,954.752,562
0.0589348,7.72498,954.829,563
0.0588893,7.64777,954.906,564
0.0588443,7.57134,954.981,565
0.0587997,7.49567,955.056,566
0.0587556,7.42076,955.13,567
0.058712,7.34659,955.204,568
0.0586689,7.27317,955.277,569
0.0586262,7.20048,955.349,570
0.058584,7.12852,955.42,571
0.0585423,7.05727,955.49,572
0.0585009,6.98674,955.56,573
0.0584601,6.91692,955.63,574
0.0584196,6.84779,955.698,575
0.0583796,6.77935,955.766,576
0.0583401,6.7116,955.833,577
0.0583009,6.64452,955.899,578
0.0582622,6.57811,955.965,579
0.0582238,6.51237,956.03,580
0.0581859,6.44728,956.095,581
0.0581484,6.38285,956.159,582
0.0581113,6.31906,956.222,583
0.0580746,6.2559,956.284,584
0.0580382,6.19338,956.346,585
0.0580023,6.13148,956.408,586
0.0579667,6.0702,956.468,587
0.0579315,6.00954,956.528,588
0.0578967,5.94948,956.588,589
0.0578623,5.89002,956.647,590
0.0578282,5.83115,956.705,591
0.0577945,5.77287,956.763,592
0.0577611,5.71518,956.82,593
0.0577281,5.65806,956.877,594
0.0576954,5.60151,956.933,595
0.0576631,5.54553,956.988,596
0.0576311,5.4901,957.043,597
0.0575995,5.43523,957.097,598
0.0575682,5.38091,957.151,599
0.0575372,5.32713,957.204,600
0.0575066,5.27389,957.257,601
0.0574762,5.22119,957.309,602
0.0574462,5.169,957.361,603
0.0574165,5.11734,957.412,604
0.0573872,5.0662,957.463,605
0.0573581,5.01557,957.513,606
0.0573293,4.96544,957.563,607
0.0573008,4.91581,957.612,608
0.0572727,4.86668,957.66,609
0.0572448,4.81804,957.709,610
0.0572172,4.76989,957.756,611
0.0571899,4.72222,957.804,612
0.0571629,4.67502,957.85,613
0.0571362,4.6283,957.897,614
0.0571098,4.58204,957.942,615
0.0570836,4.53625,957.988,616
0.0570577,4.49091,958.033,617
0.0570321,4.44603,958.077,618
0.0570067,4.4016,958.121,619
0.0569816,4.3576,958.165,620
0.0569568,4.31405,958.208,621
0.0569322,4.27094,958.251,622
0.0569079,4.22825,958.293,623
0.0568838,4.18599,958.335,624
0.05686,4.14416,958.376,625
0.0568365,4.10274,958.417,626
0.0568131,4.06174,958.458,627
0.0567901,4.02114,958.498,628
0.0567672,3.98095,958.538,629
0.0567446,3.94117,958.577,630
0.0567223,3.90178,958.616,631
0.0567001,3.86278,958.655,632
0.0566782,3.82417,958.693,633
0.0566566,3.78595,958.731,634
0.0566351,3.74812,958.768,635
0.0566139,3.71066,958.806,636
0.0565929,3.67357,958.842,637
0.0565721,3.63686,958.879,638
0.0565515,3.60051,958.915,639
0.0565312,3.56452,958.95,640
0.056511,3.5289,958.986,641
0.0564911,3.49363,959.021,642
0.0564713,3.45871,959.055,643
0.0564518,3.42415,959.089,644
0.0564325,3.38992,959.123,645
0.0564133,3.35604,959.157,646
0.0563944,3.3225,959.19,647
0.0563757,3.2893,959.223,648
0.0563571,3.25642,959.256,649
0.0563388,3.22387,959.288,650
0.0563206,3.19165,959.32,651
0.0563026,3.15976,959.351,652
0.0562848,3.12818,959.383,653
0.0562672,3.09691,959.414,654
0.0562498,3.06596,959.444,655
0.0562326,3.03532,959.475,656
0.0562155,3.00498,959.505,657
0.0561986,2.97495,959.534,658
0.0561819,2.94522,959.564,659
0.0561653,2.91578,959.593,660
0.056149,2.88664,959.622,661
0.0561328,2.85779,959.65,662
0.0561167,2.82923,959.679,663
0.0561008,2.80095,959.707,664
0.0560851,2.77296,959.734,665
0.0560696,2.74524,959.762,666
0.0560542,2.71781,959.789,667
0.0560389,2.69064,959.816,668
0.0560239,2.66375,959.843,669
0.0560089,2.63713,959.869,670
0.0559942,2.61077,959.895,671
0.0559795,2.58468,959.921,672
0.0559651,2.55885,959.947,673
0.0559508,2.53327,959.972,674
0.0559366,2.50795,959.997,675
0.0559226,2.48289,960.022,676
0.0559087,2.45807,960.046,677
0.0558949,2.43351,960.071,678
0.0558813,2.40919,960.095,679
0.0558679,2.38511,960.119,680
0.0558545,2.36127,960.142,681
0.0558414,2.33767,960.166,682
0.0558283,2.31431,960.189,683
0.0558154,2.29118,960.212,684
0.0558026,2.26828,960.234,685
0.0557899,2.24561,960.257,686
0.0557774,2.22316,960.279,687
0.055765,2.20094,960.301,688
0.0557527,2.17895,960.323,689
0.0557406,2.15717,960.344,690
0.0557286,2.13561,960.366,691
0.0557167,2.11427,960.387,692
0.0557049,2.09313,960.408,693
0.0556932,2.07221,960.429,694
0.0556817,2.0515,960.449,695
0.0556703,2.031,960.469,696
0.0556589,2.0107,960.489,697
0.0556478,1.99061,960.509,698
0.0556367,1.97071,960.529,699
0.0556257,1.95102,960.549,700
0.0556149,1.93152,960.568,701
0.0556041,1.91221,960.587,702
0.0555935,1.8931,960.606,703
0.055583,1.87418,960.625,704
0.0555725,1.85545,960.643,705
0.0555622,1.8369,960.662,706
0.055552,1.81854,960.68,707
0.0555419,1.80037,960.698,708
0.0555319,1.78238,960.716,709
0.055522,1.76456,960.733,710
0.0555122,1.74693,960.751,711
0.0555025,1.72947,960.768,712
0.0554929,1.71218,960.785,713
0.0554834,1.69507,960.802,714
0.055474,1.67813,960.819,715
0.0554647,1.66136,960.836,716
0.0554555,1.64475,960.852,717
0.0554464,1.62831,960.868,718
0.0554374,1.61204,960.884,719
0.0554284,1.59593,960.9,720
0.0554196,1.57998,960.916,721
0.0554108,1.56419,960.932,722
0.0554021,1.54855,960.947,723
0.0553936,1.53308,960.963,724
0.0553851,1.51775,960.978,725
0.0553767,1.50258,960.993,726
0.0553683,1.48757,961.008,727
0.0553601,1.4727,961.022,728
0.055352,1.45798,961.037,729
0.0553439,1.44341,961.051,730
0.0553359,1.42898,961.066,731
0.055328,1.4147,961.08,732
0.0553202,1.40056,961.094,733
0.0553124,1.38656,961.108,734
0.0553047,1.37271,961.121,735
0.0552972,1.35899,961.135,736
0.0552896,1.3454,961.148,737
0.0552822,1.33196,961.162,738
0.0552748,1.31865,961.175,739
0.0552675,1.30547,961.188,740
0.0552603,1.29242,961.201,741
0.0552532,1.2795,961.214,742
0.0552461,1.26671,961.226,743
0.0552391,1.25405,961.239,744
0.0552322,1.24152,961.251,745
0.0552253,1.22911,961.264,746
0.0552186,1.21683,961.276,747
0.0552118,1.20467,961.288,748
0.0552052,1.19263,961.3,749
0.0551986,1.18071,961.312,750
0.0551921,1.16891,961.323,751
0.0551856,1.15722,961.335,752
0.0551792,1.14566,961.346,753
0.0551729,1.13421,961.358,754
0.0551667,1.12287,961.369,755
0.0551605,1.11165,961.38,756
0.0551543,1.10054,961.391,757
0.0551483,1.08954,961.402,758
0.0551423,1.07865,961.413,759
0.0551363,1.06787,961.423,760
0.0551304,1.0572,961.434,761
0.0551246,1.04663,961.444,762
0.0551188,1.03617,961.455,763
0.0551131,1.02581,961.465,764
0.0551075,1.01556,961.475,765
0.0551019,1.00541,961.485,766
0.0550963,0.995362,961.495,767
0.0550908,0.985414,961.505,768
0.0550854,0.975566,961.515,769
0.05508,0.965815,961.525,770
0.0550747,0.956163,961.534,771
0.0550695,0.946606,961.544,772
0.0550642,0.937145,961.553,773
0.0550591,0.927779,961.562,774
0.055054,0.918506,961.571,775
0.0550489,0.909326,961.58,776
0.0550439,0.900238,961.589,777
0.055039,0.891241,961.598,778
0.055034,0.882333,961.607,779
0.0550292,0.873515,961.616,780
0.0550244,0.864784,961.625,781
0.0550196,0.856141,961.633,782
0.0550149,0.847585,961.642,783
0.0550103,0.839113,961.65,784
0.0550056,0.830727,961.658,785
0.0550011,0.822424,961.667,786
0.0549965,0.814204,961.675,787
0.0549921,0.806067,961.683,788
0.0549876,0.798011,961.691,789
0.0549832,0.790035,961.699,790
0.0549789,0.782139,961.706,791
0.0549746,0.774322,961.714,792
0.0549703,0.766583,961.722,793
0.0549661,0.758921,961.729,794
0.054962,0.751336,961.737,795
0.0549578,0.743827,961.744,796
0.0549537,0.736393,961.752,797
0.0549497,0.729033,961.759,798
0.0549457,0.721747,961.766,799
0.0549417,0.714533,961.773,800
0.0549378,0.707392,961.78,801
0.0549339,0.700322,961.787,802
0.0549301,0.693322,961.794,803
0.0549263,0.686393,961.801,804
0.0549225,0.679533,961.808,805
0.0549188,0.672741,961.815,806
0.0549151,0.666017,961.821,807
0.0549114,0.659361,961.828,808
0.0549078,0.652771,961.835,809
0.0549042,0.646247,961.841,810
0.0549006,0.639788,961.847,811
0.0548971,0.633393,961.854,812
0.0548937,0.627063,961.86,813
0.0548902,0.620796,961.866,814
0.0548868,0.614591,961.872,815
0.0548834,0.608449,961.878,816
0.0548801,0.602368,961.885,817
0.0548768,0.596347,961.89,818
0.0548735,0.590387,961.896,819
0.0548703,0.584486,961.902,820
0.0548671,0.578645,961.908,821
0.0548639,0.572861,961.914,822
0.0548608,0.567136,961.919,823
0.0548576,0.561468,961.925,824
0.0548546,0.555856,961.931,825
0.0548515,0.550301,961.936,826
0.0548485,0.544801,961.942,827
0.0548455,0.539356,961.947,828
0.0548425,0.533965,961.952,829
0.0548396,0.528628,961.958,830
0.0548367,0.523345,961.963,831
0.0548339,0.518114,961.968,832
0.054831,0.512936,961.973,833
0.0548282,0.507809,961.978,834
0.0548254,0.502734,961.983,835
0.0548227,0.49771,961.988,836
0.0548199,0.492735,961.993,837
0.0548172,0.487811,961.998,838
0.0548146,0.482935,962.003,839
0.0548119,0.478108,962.008,840
0.0548093,0.47333,962.012,841
0.0548067,0.468599,962.017,842
0.0548041,0.463916,962.022,843
0.0548016,0.459279,962.026,844
0.0547991,0.454689,962.031,845
0.0547966,0.450145,962.035,846
0.0547941,0.445646,962.04,847
0.0547917,0.441192,962.044,848
0.0547892,0.436782,962.049,849
0.0547869,0.432417,962.053,850
0.0547845,0.428095,962.057,851
0.0547821,0.423816,962.061,852
0.0547798,0.41958,962.066,853
0.0547775,0.415387,962.07,854
0.0547752,0.411235,962.074,855
0.054773,0.407125,962.078,856
0.0547708,0.403056,962.082,857
0.0547686,0.399028,962.086,858
0.0547664,0.39504,962.09,859
0.0547642,0.391091,962.094,860
0.0547621,0.387183,962.098,861
0.0547599,0.383313,962.101,862
0.0547578,0.379482,962.105,863
0.0547558,0.375689,962.109,864
0.0547537,0.371934,962.113,865
0.0547517,0.368217,962.116,866
0.0547497,0.364537,962.12,867
0.0547477,0.360894,962.124,868
0.0547457,0.357287,962.127,869
0.0547437,0.353716,962.131,870
0.0547418,0.35018,962.134,871
0.0547399,0.346681,962.138,872
0.054738,0.343216,962.141,873
0.0547361,0.339785,962.145,874
0.0547342,0.336389,962.148,875
0.0547324,0.333027,962.151,876
0.0547306,0.329699,962.155,877
0.0547288,0.326404,962.158,878
0.054727,0.323141,962.161,879
0.0547252,0.319912,962.164,880
0.0547235,0.316714,962.167,881
0.0547217,0.313549,962.171,882
0.05472,0.310415,962.174,883
0.0547183,0.307313,962.177,884
0.0547166,0.304241,962.18,885
0.054715,0.301201,962.183,886
0.0547133,0.29819,962.186,887
0.0547117,0.29521,962.189,888
0.0547101,0.292259,962.192,889
0.0547085,0.289339,962.195,890
0.0547069,0.286447,962.197,891
0.0547053,0.283584,962.2,892
0.0547038,0.28075,962.203,893
0.0547022,0.277944,962.206,894
0.0547007,0.275166,962.209,895
0.0546992,0.272415,962.211,896
0.0546977,0.269693,962.214,897
0.0546962,0.266997,962.217,898
0.0546948,0.264329,962.219,899
0.0546933,0.261687,962.222,900
0.0546919,0.259072,962.225,901
0.0546905,0.256482,962.227,902
0.0546891,0.253919,962.23,903
0.0546877,0.251381,962.232,904
0.0546863,0.248869,962.235,905
0.054685,0.246381,962.237,906
0.0546836,0.243919,962.24,907
0.0546823,0.241481,962.242,908
0.054681,0.239067,962.244,909
0.0546797,0.236678,962.247,910
0.0546784,0.234313,962.249,911
0.0546771,0.231971,962.251,912
0.0546758,0.229652,962.254,913
0.0546746,0.227357,962.256,914
0.0546733,0.225085,962.258,915
0.0546721,0.222835,962.26,916
0.0546709,0.220608,962.263,917
0.0546697,0.218403,962.265,918
0.0546685,0.21622,962.267,919
0.0546673,0.214059,962.269,920
0.0546661,0.21192,962.271,921
0.054665,0.209802,962.273,922
0.0546638,0.207705,962.275,923
0.0546627,0.205629,962.278,924
0.0546615,0.203574,962.28,925
0.0546604,0.201539,962.282,926
0.0546593,0.199525,962.284,927
0.0546582,0.197531,962.286,928
0.0546572,0.195557,962.287,929
0.0546561,0.193602,962.289,930
0.054655,0.191667,962.291,931
0.054654,0.189751,962.293,932
0.054653,0.187855,962.295,933
0.0546519,0.185977,962.297,934
0.0546509,0.184119,962.299,935
0.0546499,0.182279,962.301,936
0.0546489,0.180457,962.302,937
0.0546479,0.178653,962.304,938
0.0546469,0.176868,962.306,939
0.054646,0.1751,962.308,940
0.054645,0.17335,962.309,941
0.0546441,0.171617,962.311,942
0.0546431,0.169902,962.313,943
0.0546422,0.168204,962.315,944
0.0546413,0.166523,962.316,945
0.0546404,0.164859,962.318,946
0.0546395,0.163211,962.32,947
0.0546386,0.16158,962.321,948
0.0546377,0.159965,962.323,949
0.0546368,0.158366,962.324,950
0.054636,0.156783,962.326,951
0.0546351,0.155216,962.327,952
0.0546343,0.153665,962.329,953
0.0546334,0.152129,962.33,954
0.0546326,0.150609,962.332,955
0.0546318,0.149103,962.333,956
0.054631,0.147613,962.335,957
0.0546301,0.146138,962.336,958
0.0546293,0.144677,962.338,959
0.0546286,0.143231,962.339,960
0.0546278,0.1418,962.341,961
0.054627,0.140382,962.342,962
0.0546262,0.138979,962.344,963
0.0546255,0.13759,962.345,964
0.0546247,0.136215,962.346,965
0.054624,0.134854,962.348,966
0.0546232,0.133506,962.349,967
0.0546225,0.132172,962.35,968
0.0546218,0.130851,962.352,969
0.0546211,0.129543,962.353,970
0.0546204,0.128248,962.354,971
0.0546197,0.126966,962.355,972
0.054619,0.125697,962.357,973
0.0546183,0.124441,962.358,974
0.0546176,0.123197,962.359,975
0.0546169,0.121966,962.36,976
0.0546163,0.120747,962.362,977
0.0546156,0.11954,962.363,978
0.054615,0.118346,962.364,979
0.0546143,0.117163,962.365,980
0.0546137,0.115992,962.366,981
0.054613,0.114832,962.367,982
0.0546124,0.113685,962.369,983
0.0546118,0.112549,962.37,984
0.0546112,0.111424,962.371,985
0.0546106,0.11031,962.372,986
0.05461,0.109208,962.373,987
0.0546094,0.108116,962.374,988
0.0546088,0.107035,962.375,989
0.0546082,0.105966,962.376,990
0.0546076,0.104907,962.377,991
0.054607,0.103858,962.378,992
0.0546065,0.10282,962.379,993
0.0546059,0.101793,962.38,994
0.0546054,0.100775,962.381,995
0.0546048,0.0997679,962.382,996
0.0546043,0.0987708,962.383,997
0.0546037,0.0977836,962.384,998
0.0546032,0.0968063,962.385,999
